{
    "normals":[-0.962962,1.55124e-08,0.269638,0.034623,7.92803e-08,0.9994,0.107347,0.000746851,0.994221,0.197683,0.00960155,0.980219,0.340176,0.0556826,0.938712,0.451916,0.083437,0.88815,0.833163,0.119977,0.539856,0.946764,0.14032,0.289738,0.984166,0.13026,0.120209,0.991433,0.121458,-0.0480559,0.957683,0.124317,-0.259595,0.821909,0.114317,-0.55803,0.503778,0.0744974,-0.860615,0.26201,0.054726,-0.963512,0.217599,0.0477484,-0.974869,0.134605,0.0148847,-0.990788,0.0354069,0.00048352,-0.999373,-0.034623,-7.92803e-08,-0.9994,-0.106098,-1.18568e-07,-0.994356,-0.184774,-7.68852e-08,-0.982781,-0.277345,-7.91568e-08,-0.96077,-0.393943,-6.92047e-08,-0.919135,-0.549719,-3.76197e-08,-0.83535,-0.757284,0,-0.653085,-0.962963,-7.29996e-09,-0.269635,-0.96296,1.36874e-08,0.269643,-0.757283,2.9851e-08,0.653087,-0.549716,1.88098e-08,0.835352,-0.393942,3.07576e-08,0.919135,-0.277344,7.91567e-08,0.960771,-0.184773,7.68851e-08,0.982781,-0.106098,7.99645e-08,0.994356,-0.0346228,7.92809e-08,0.9994,7.61153e-07,1,-7.13359e-06,-0.011114,0.947084,-0.320794,-0.005926,0.936493,-0.350635,-0.133332,0.962512,-0.236204,0.406093,0.911483,0.0654788,0.190247,0.980256,0.0538844,-0.0410827,0.982523,0.181548,0.239237,0.145664,-0.959973,-0.0125209,0.887704,0.460244,0,1,0,8.31711e-07,1,2.88119e-06,-1.01345e-06,1,2.36455e-06,4.1736e-07,1,-2.21987e-06,-0.0153923,0.925594,-0.378206,0.000794153,0.998963,-0.0455109,0.0477553,0.995617,0.0804101,0.047723,0.98573,-0.161429,-6.55107e-08,1,-9.36318e-07,3.38227e-07,1,-1.47823e-06,0.0476199,0.998834,-0.00794069,0.00313461,0.994131,0.108136,8.5594e-08,1,1.00795e-07,7.19725e-08,1,-6.20698e-08,0.0510177,0.998698,-1.85002e-08,5.01398e-08,1,-2.32285e-14,0,-1,0,0,-1,0,-0,-1,0,0.00212197,-0.997843,-0.0656172,-0.0157526,-0.985465,-0.169149,-0.0382798,-0.994183,-0.100671,-0.574689,-0.818357,-0.00489363,-0.0418043,-0.994688,0.0940662,-0.0329037,-0.990042,0.136872,0.0176873,-0.985974,0.165958,1.95706e-06,-1,1.82661e-07,0.0391663,-0.95279,-0.301093,-0.238278,-0.971193,-0.00273223,-0.0536697,-0.994645,0.0883253,1.19053e-08,-0.998927,0.0463226,-1.55118e-07,-1,1.82667e-07,-0.026001,-0.998319,-0.0517884,0.00856298,-0.985739,0.168066,-2.57357e-08,-1,1.09501e-07,-0.0158882,-0.997586,-0.0676012,-0.0244243,-0.998624,0.0463969],
    "metadata":{
        "version":3,
        "normals":79,
        "vertices":66,
        "generator":"io_three",
        "type":"Geometry",
        "uvs":0,
        "faces":95
    },
    "uvs":[],
    "vertices":[0.195503,0.961262,0.612625,0.641488,0.961252,0.565037,1.03733,0.955519,0.488788,1.37841,0.930007,0.386244,1.58865,0.905251,0.257724,1.69106,0.887062,0.110897,1.73591,0.870256,-0.0468871,1.74835,0.862495,-0.210152,1.73817,0.870619,-0.37327,1.69732,0.888011,-0.529494,1.59612,0.906311,-0.671728,1.37847,0.931028,-0.795464,1.02074,0.954563,-0.899266,0.630004,0.958969,-0.978892,0.195503,0.961261,-1.02781,-0.268332,0.961261,-1.04388,-0.732167,0.961261,-1.02781,-1.17818,0.961261,-0.980219,-1.58922,0.961261,-0.902938,-1.94951,0.961261,-0.798935,-2.24518,0.961261,-0.672207,-2.46489,0.961261,-0.527624,-2.60019,0.961261,-0.370742,-2.64587,0.961261,-0.207591,-2.60019,0.961262,-0.0444396,-2.46489,0.961262,0.112442,-2.24518,0.961262,0.257025,-1.9495,0.961262,0.383752,-1.58922,0.961262,0.487755,-1.17817,0.961262,0.565036,-0.732163,0.961262,0.612625,-0.268331,0.961262,0.628694,-2.62303,0.961261,-0.126015,0.195503,1.71427,0.612625,0.613481,1.7037,0.566938,0.95805,1.67863,0.494169,1.18023,1.64336,0.396203,1.47977,1.65308,0.266736,1.57098,1.63064,0.123794,1.62681,1.617,-0.0326542,1.65544,1.61599,-0.196176,1.64751,1.62651,-0.359598,1.59891,1.64456,-0.516373,1.4999,1.66709,-0.660669,1.28702,1.68127,-0.78558,0.895878,1.67046,-0.884699,0.546784,1.68704,-0.969181,0.190787,1.71212,-1.02725,-0.268332,1.71427,-1.04388,-0.732167,1.71427,-1.02781,-1.17818,1.71427,-0.980219,-1.58922,1.71427,-0.902938,-1.94951,1.71427,-0.798935,-2.24518,1.71427,-0.672207,-2.46489,1.71427,-0.527624,-2.60019,1.71427,-0.370742,-2.64587,1.71427,-0.207591,-2.60019,1.71427,-0.0444396,-2.46489,1.71427,0.112442,-2.24518,1.71427,0.257025,-1.9495,1.71427,0.383752,-1.58922,1.71427,0.487755,-1.17817,1.71427,0.565036,-0.732163,1.71427,0.612625,-2.62303,1.71427,-0.126015,-0.268331,1.71427,0.628694],
    "faces":[33,56,23,32,64,0,0,0,0,33,0,33,65,31,1,1,1,1,33,33,0,1,34,2,2,2,2,33,34,1,2,35,3,3,3,3,33,35,2,3,36,4,4,4,4,33,36,3,4,37,5,5,5,5,33,37,4,5,38,6,6,6,6,33,38,5,6,39,7,7,7,7,33,39,6,7,40,8,8,8,8,33,40,7,8,41,9,9,9,9,33,41,8,9,42,10,10,10,10,33,42,9,10,43,11,11,11,11,33,43,10,11,44,12,12,12,12,33,44,11,12,45,13,13,13,13,33,45,12,13,46,14,14,14,14,33,46,13,14,47,15,15,15,15,33,47,14,15,48,16,16,16,16,33,48,15,16,49,17,17,17,17,33,49,16,17,50,18,18,18,18,33,50,17,18,51,19,19,19,19,33,51,18,19,52,20,20,20,20,33,52,19,20,53,21,21,21,21,33,53,20,21,54,22,22,22,22,33,54,21,22,55,23,23,23,23,33,55,22,23,56,24,24,24,24,33,64,32,24,57,25,25,25,25,33,57,24,25,58,26,26,26,26,33,58,25,26,59,27,27,27,27,33,59,26,27,60,28,28,28,28,33,60,27,28,61,29,29,29,29,33,61,28,29,62,30,30,30,30,33,62,29,30,63,31,31,31,31,33,63,30,31,65,32,32,32,32,32,62,63,65,33,33,33,32,65,33,34,34,34,34,32,34,35,36,35,35,35,32,36,37,38,36,36,36,32,38,39,40,37,37,37,32,40,41,42,38,38,38,32,42,43,44,39,39,39,32,44,45,46,40,40,40,32,46,47,48,41,41,41,32,48,49,50,42,42,42,32,50,51,52,43,43,43,32,52,53,54,42,42,42,32,54,55,56,42,42,42,32,56,64,57,42,42,42,32,57,58,59,42,42,42,32,59,60,61,44,44,44,32,61,62,65,45,45,45,32,65,34,36,46,46,46,32,36,38,40,47,47,47,32,40,42,44,48,48,48,32,44,46,48,49,49,49,32,48,50,52,50,50,50,32,52,54,56,42,42,42,32,56,57,59,42,42,42,32,59,61,65,51,51,51,32,65,36,40,52,52,52,32,40,44,48,53,53,53,32,48,52,56,54,54,54,32,56,59,65,55,55,55,32,65,40,48,56,56,56,32,65,48,56,57,57,57,32,32,23,22,58,58,58,32,22,21,20,58,58,58,32,20,19,18,58,58,58,32,18,17,16,59,59,59,32,16,15,14,60,60,60,32,14,13,12,61,61,61,32,12,11,10,62,62,62,32,10,9,8,63,63,63,32,8,7,6,64,64,64,32,6,5,4,65,65,65,32,4,3,2,66,66,66,32,2,1,0,67,67,67,32,0,31,30,58,58,58,32,30,29,28,59,59,59,32,28,27,26,58,58,58,32,26,25,24,59,59,59,32,24,32,22,68,68,68,32,22,20,18,58,58,58,32,18,16,14,59,59,59,32,14,12,10,69,69,69,32,10,8,6,70,70,70,32,6,4,2,71,71,71,32,2,0,30,72,72,72,32,30,28,26,59,59,59,32,26,24,22,73,73,73,32,22,18,14,59,59,59,32,14,10,6,74,74,74,32,6,2,30,75,75,75,32,30,26,22,76,76,76,32,22,14,6,77,77,77,32,22,6,30,78,78,78]
}