{
    "normals":[-0.0346229,0,0.9994,-0.106098,2.7881e-08,0.994356,-0.184773,5.64786e-08,0.982781,-0.277344,5.5582e-08,0.960771,-0.403725,0.00397017,0.914872,-0.59866,0.0304733,0.800424,-0.805406,0.0885419,0.586074,-0.968838,0.140155,0.204228,-0.964141,0.142113,-0.224132,-0.805408,0.0885419,-0.58607,-0.598662,0.0304733,-0.800422,-0.403727,0.00397018,-0.914871,-0.277345,-2.96438e-08,-0.96077,-0.184774,-5.31564e-08,-0.982781,-0.106099,-5.26641e-08,-0.994356,-0.034623,0,-0.9994,0.0346228,0,-0.9994,0.106098,0,-0.994356,0.184309,-0.000228704,-0.982868,0.268289,-0.00475247,-0.963327,0.385151,-0.0164821,-0.922706,0.574728,-0.0202131,-0.818095,0.81729,0.0103288,-0.576134,0.990543,0.0777299,-0.113056,0.901013,0.137951,0.411271,0.707185,0.15523,0.689778,0.592748,0.121584,0.796158,0.457283,0.0433832,0.888262,0.287745,0.00470294,0.957696,0.184774,5.64787e-08,0.982781,0.106098,2.7881e-08,0.994356,0.0346233,0,0.9994,-0.958457,0.148404,0.24359,-0.256821,0.966221,0.0214257,-0.229094,0.970945,-0.0691469,0.161965,0.873603,-0.458896,0,1,0,-0.132555,0.696674,-0.705035,0.646269,0.409059,0.644211,0.221563,0.875131,0.430181,-0.155357,0.954809,0.253385,0.0534522,0.998553,0.00594927,-0.116439,0.754222,0.646213,0,1,0,0.161965,0.873603,0.458895,-0.304792,0.952241,0.0184066,-0.0326911,0.986224,-0.162153,-0.0215513,0.951135,-0.308024,0.646394,0.416405,0.63936,-0.0722268,0.969204,0.235431,-0.0172598,0.968941,0.246688,-0.0810501,0.993179,0.0838249,0.0338106,0.972113,-0.232061,0.00291132,0.988823,-0.149066,-0.00644613,0.984851,0.173284,0.0248142,0.985077,0.170313,0.0040328,0.989268,-0.146054,0.00892536,0.991178,0.132239],
    "metadata":{
        "version":3,
        "normals":58,
        "vertices":66,
        "generator":"io_three",
        "type":"Geometry",
        "uvs":0,
        "faces":64
    },
    "uvs":[],
    "vertices":[-0.235351,-0.178823,0.816431,0.342162,-0.178823,0.796424,0.897481,-0.178823,0.737171,1.40927,-0.178823,0.64095,1.85785,-0.178823,0.511458,2.22599,-0.178823,0.353671,2.49955,-0.178823,0.173653,2.668,-0.178823,-0.0216774,2.72488,-0.178823,-0.224814,2.668,-0.178823,-0.427951,2.49955,-0.178823,-0.623282,2.22599,-0.178823,-0.803299,1.85785,-0.178823,-0.961086,1.40927,-0.178823,-1.09058,0.897481,-0.178823,-1.1868,0.342161,-0.178823,-1.24605,-0.235352,-0.178823,-1.26606,-0.812865,-0.178823,-1.24605,-1.36818,-0.178823,-1.1868,-1.87997,-0.178823,-1.09058,-2.32855,-0.178823,-0.961086,-2.6967,-0.178823,-0.803299,-2.97025,-0.178823,-0.623281,-3.1387,-0.178823,-0.42795,-3.19558,-0.178823,-0.224813,-3.1387,-0.178823,-0.0216763,-2.97025,-0.178823,0.173654,-2.69669,-0.178823,0.353672,-2.32855,-0.178823,0.511458,-1.87997,-0.178823,0.640951,-1.36818,-0.178823,0.737172,-0.81286,-0.178823,0.796424,-3.16714,-0.178823,-0.123245,0.342162,0.897799,0.796424,0.897481,0.897799,0.737171,1.40927,0.897799,0.64095,1.82056,0.845905,0.512343,2.07516,0.687904,0.357252,2.29804,0.617385,0.178438,2.50157,0.662271,-0.0176978,2.61995,0.73282,-0.22219,2.62598,0.788045,-0.426594,2.51784,0.822575,-0.623011,2.27857,0.836459,-0.803606,1.89188,0.858098,-0.961285,1.41185,0.894781,-1.09059,0.897481,0.897799,-1.1868,0.342161,0.897799,-1.24605,-0.235352,0.897799,-1.26606,-0.812865,0.897799,-1.24605,-1.36818,0.897799,-1.1868,-1.87997,0.897799,-1.09058,-2.32855,0.897799,-0.961086,-2.6757,0.879277,-0.803299,-2.88635,0.823769,-0.623281,-3.00682,0.781432,-0.427951,-3.04661,0.766352,-0.224813,-3.00682,0.781432,-0.0216764,-2.88635,0.823769,0.173654,-2.6757,0.879277,0.353672,-2.32855,0.897799,0.511458,-1.87997,0.897799,0.640951,-1.36818,0.897799,0.737172,-0.81286,0.897799,0.796424,-0.235351,0.897799,0.816431,-3.02279,0.770431,-0.123245],
    "faces":[33,0,64,63,31,0,0,0,0,33,62,30,31,63,1,1,1,1,33,61,29,30,62,2,2,2,2,33,60,28,29,61,3,3,3,3,33,59,27,28,60,4,4,4,4,33,58,26,27,59,5,5,5,5,33,57,25,26,58,6,6,6,6,33,65,32,25,57,7,7,7,7,33,55,23,24,56,8,8,8,8,33,54,22,23,55,9,9,9,9,33,53,21,22,54,10,10,10,10,33,52,20,21,53,11,11,11,11,33,51,19,20,52,12,12,12,12,33,50,18,19,51,13,13,13,13,33,49,17,18,50,14,14,14,14,33,48,16,17,49,15,15,15,15,33,47,15,16,48,16,16,16,16,33,46,14,15,47,17,17,17,17,33,45,13,14,46,18,18,18,18,33,44,12,13,45,19,19,19,19,33,43,11,12,44,20,20,20,20,33,42,10,11,43,21,21,21,21,33,41,9,10,42,22,22,22,22,33,40,8,9,41,23,23,23,23,33,39,7,8,40,24,24,24,24,33,38,6,7,39,25,25,25,25,33,37,5,6,38,26,26,26,26,33,36,4,5,37,27,27,27,27,33,35,3,4,36,28,28,28,28,33,34,2,3,35,29,29,29,29,33,33,1,2,34,30,30,30,30,33,64,0,1,33,31,31,31,31,33,56,24,32,65,32,32,32,32,32,55,56,65,33,33,33,32,65,57,58,34,34,34,32,58,59,60,35,35,35,32,60,61,62,36,36,36,32,62,63,64,36,36,36,32,64,33,34,36,36,36,32,34,35,36,37,37,37,32,36,37,38,38,38,38,32,38,39,40,39,39,39,32,40,41,42,40,40,40,32,42,43,44,41,41,41,32,44,45,46,42,42,42,32,46,47,48,36,36,36,32,48,49,50,36,36,36,32,50,51,52,43,43,43,32,52,53,54,44,44,44,32,54,55,65,45,45,45,32,65,58,60,46,46,46,32,60,62,64,36,36,36,32,64,34,36,47,47,47,32,36,38,40,48,48,48,32,40,42,44,49,49,49,32,44,46,48,50,50,50,32,48,50,52,36,36,36,32,52,54,65,51,51,51,32,65,60,64,52,52,52,32,64,36,40,53,53,53,32,40,44,48,54,54,54,32,48,52,65,55,55,55,32,65,64,40,56,56,56,32,65,40,48,57,57,57]
}