{
    "normals":[0,1,0,0,1,0,0,1,-0,-0,1,0,0,1,-0,0.990627,-6.22043e-09,-0.136593,-0.07018,-3.3012e-08,-0.997534,-0.21177,-3.30738e-08,-0.977319,-0.356694,-3.0167e-08,-0.934221,-0.505729,-2.82201e-08,-0.862692,-0.656534,-2.43926e-08,-0.754296,-0.800658,-2.36312e-08,-0.599122,-0.92044,-1.90336e-08,-0.390883,-0.990628,-6.48286e-09,-0.13659,-0.990628,5.29111e-09,0.13659,-0.92044,1.82836e-08,0.390883,-0.800658,3.04492e-08,0.599122,-0.656534,2.57589e-08,0.754296,-0.505729,4.52936e-08,0.862692,-0.356694,6.57459e-08,0.934221,-0.356558,0,0.934273,-0.356709,1.38418e-06,0.934215,-0.21177,3.5955e-08,0.97732,-0.07018,7.19976e-08,0.997534,0.0701804,3.58887e-08,0.997534,0.21177,0,0.97732,0.211606,-0,0.977355,0.211788,-1.5144e-06,0.977316,0.356694,0,0.934221,0.505729,2.70948e-08,0.862692,0.656535,3.28166e-08,0.754296,0.800658,2.55016e-08,0.599122,0.920441,1.50444e-08,0.390881,0.990628,4.58807e-09,0.136591,0.92044,-1.77778e-08,-0.390883,0.800657,-2.859e-08,-0.599124,0.656533,-3.15138e-08,-0.754298,0.505728,-3.76489e-08,-0.862693,0.356692,-3.73695e-08,-0.934222,0.211769,-3.18627e-08,-0.97732,0.0701793,-3.29198e-08,-0.997534,-0.542286,-0.83686,0.0747734,-0.772546,-0.629584,0.0824418,-0.77252,-0.629607,0.0825067,-0.772256,-0.629741,0.0839414,-0.0360177,-0.988847,0.144515,-0.0358722,-0.988635,0.145993,-0.35655,-0.000457049,0.934276,0.318965,-0.936755,0.144052,0.317793,-0.937101,0.144391,0.318816,-0.936935,0.143214,0.318745,-0.937039,0.14269,0.319365,-0.936833,0.142652,-0.219565,-0.415614,-0.882641,-0.035783,-0.98834,0.147998,-0.77252,-0.629662,0.0820892,-0.035798,-0.988755,0.145195,0.00637616,-0.953613,-0.300968,0.319557,-0.936688,0.143176,0.319507,-0.936693,0.143254,-0.126892,-0.53467,0.83548,0.124574,-0.182116,0.975354,-0.772539,-0.629591,0.0824514,-0.542287,-0.83686,0.0747734,-0.817264,-0.547156,0.18083,-0.772546,-0.629606,0.0822785,-0.0022187,-0.948343,-0.317239,0.319578,-0.93668,0.143182,-0.111863,-0.596303,0.794927,-0.78484,-0.61724,0.0551508,-0.779095,-0.614831,0.122447,0.113452,-0.971279,0.209157,-0.150652,-0.803071,0.576524,-0.558522,-0.765268,-0.320028],
    "metadata":{
        "version":3,
        "normals":74,
        "vertices":68,
        "generator":"io_three",
        "type":"Geometry",
        "uvs":0,
        "faces":101
    },
    "uvs":[],
    "vertices":[-0.252631,2.16761,0.0218892,-0.182815,2.16761,0.0169774,-0.115681,2.16761,0.0024306,-0.0538104,2.16761,-0.0211921,0.000419676,2.16761,-0.052983,0.0449251,2.16761,-0.0917202,0.0779957,2.16761,-0.135915,0.0983604,2.16761,-0.18387,0.105237,2.16761,-0.23374,0.0983604,2.16761,-0.283611,0.0779957,2.16761,-0.331566,0.0449251,2.16761,-0.375761,0.000419676,2.16761,-0.414498,-0.0538104,2.16761,-0.446289,-0.115681,2.16761,-0.469911,-0.182815,2.16761,-0.484458,-0.252631,2.16761,-0.48937,-0.322448,2.16761,-0.484458,-0.389581,2.16761,-0.469911,-0.451452,2.16761,-0.446289,-0.505682,2.16761,-0.414498,-0.550188,2.16761,-0.37576,-0.583258,2.16761,-0.331565,-0.603623,2.16761,-0.283611,-0.610499,2.16761,-0.23374,-0.603623,2.16761,-0.183869,-0.583258,2.16761,-0.135915,-0.550187,2.16761,-0.0917199,-0.505682,2.16761,-0.0529827,-0.451451,2.16761,-0.0211919,-0.389581,2.16761,0.00243074,-0.322447,2.16761,0.0169775,-0.607061,2.16761,-0.208805,-0.610499,3.3061,-0.23374,-0.603623,3.3061,-0.183869,-0.607061,3.3061,-0.208805,-0.583258,3.26592,-0.331566,0.000419676,3.09318,-0.052983,-0.322448,2.9977,-0.484458,-0.389581,3.07198,0.00243071,0.000419676,3.03793,-0.414498,0.0983604,3.1066,-0.18387,-0.505682,3.15987,-0.414498,-0.115681,3.06206,0.00243057,-0.252631,3.06989,0.0218892,-0.182815,2.99263,-0.484458,-0.505682,3.2072,-0.0529828,0.0779957,3.07706,-0.331566,-0.603623,3.29719,-0.283611,0.0449251,3.10246,-0.0917202,-0.389581,3.01015,-0.469911,-0.322447,3.07168,0.0169775,-0.0538104,3.01457,-0.446289,-0.583258,3.29153,-0.135915,0.105237,3.10132,-0.23374,-0.550188,3.21956,-0.375761,-0.0538104,3.07954,-0.0211921,-0.252631,2.99444,-0.48937,-0.451451,3.14481,-0.021192,0.0449251,3.05904,-0.375761,0.0779957,3.10698,-0.135915,-0.451452,3.08917,-0.446289,-0.182815,3.06663,0.0169774,-0.115681,2.99234,-0.469911,-0.550187,3.25674,-0.09172,0.0983604,3.09136,-0.283611,-0.109103,2.99248,-0.467401,-0.382947,3.00182,-0.471348],
    "faces":[32,31,0,1,0,0,0,32,1,2,3,0,0,0,32,3,4,5,1,1,1,32,5,6,7,0,0,0,32,7,8,9,2,2,2,32,9,10,11,0,0,0,32,11,12,13,0,0,0,32,13,14,15,0,0,0,32,15,16,17,3,3,3,32,17,18,19,0,0,0,32,19,20,21,0,0,0,32,21,22,23,0,0,0,32,23,24,32,0,0,0,32,32,25,26,0,0,0,32,26,27,28,0,0,0,32,28,29,30,0,0,0,32,30,31,1,0,0,0,32,1,3,5,0,0,0,32,5,7,9,4,4,4,32,9,11,13,0,0,0,32,13,15,17,0,0,0,32,17,19,21,0,0,0,32,21,23,32,0,0,0,32,32,26,28,0,0,0,32,28,30,1,0,0,0,32,1,5,9,0,0,0,32,9,13,17,1,1,1,32,17,21,32,0,0,0,32,32,28,1,0,0,0,32,1,9,17,2,2,2,32,1,17,32,3,3,3,33,24,33,35,32,5,5,5,5,33,0,44,62,1,6,6,6,6,33,1,62,43,2,7,7,7,7,33,2,43,56,3,8,8,8,8,33,3,56,37,4,9,9,9,9,33,4,37,49,5,10,10,10,10,33,5,49,60,6,11,11,11,11,33,6,60,41,7,12,12,12,12,33,7,41,54,8,13,13,13,13,33,8,54,65,9,14,14,14,14,33,9,65,47,10,15,15,15,15,33,10,47,59,11,16,16,16,16,33,11,59,40,12,17,17,17,17,33,12,40,52,13,18,18,18,18,32,14,13,52,19,19,19,32,66,63,14,20,20,20,32,52,66,14,21,21,21,33,14,63,45,15,22,22,22,22,33,15,45,57,16,23,23,23,23,33,16,57,38,17,24,24,24,24,32,18,17,38,25,25,25,32,67,50,18,26,26,26,32,38,67,18,27,27,27,33,18,50,61,19,28,28,28,28,33,19,61,42,20,29,29,29,29,33,20,42,55,21,30,30,30,30,33,21,55,36,22,31,31,31,31,33,22,36,48,23,32,32,32,32,33,23,48,33,24,33,33,33,33,33,32,35,34,25,5,5,5,5,33,25,34,53,26,34,34,34,34,33,26,53,64,27,35,35,35,35,33,27,64,46,28,36,36,36,36,33,28,46,58,29,37,37,37,37,33,29,58,39,30,38,38,38,38,33,30,39,51,31,39,39,39,39,33,44,0,31,51,40,40,40,40,32,35,33,48,41,41,41,32,48,36,55,42,42,42,32,55,42,61,43,43,43,32,61,50,67,44,44,44,32,67,38,57,45,45,45,32,57,45,63,46,46,46,32,63,66,52,47,47,47,32,52,40,59,48,48,48,32,59,47,65,49,49,49,32,65,54,41,50,50,50,32,41,60,49,51,51,51,32,49,37,56,52,52,52,32,56,43,62,53,53,53,32,62,44,51,54,54,54,32,39,58,46,55,55,55,32,62,51,39,56,56,56,32,49,56,62,57,57,57,32,65,41,49,58,58,58,32,52,59,65,59,59,59,32,57,63,52,60,60,60,32,61,67,57,61,61,61,32,48,55,61,62,62,62,32,34,35,48,63,63,63,32,64,53,34,64,64,64,32,39,46,64,65,65,65,32,49,62,39,66,66,66,32,52,65,49,67,67,67,32,61,57,52,68,68,68,32,34,48,61,69,69,69,32,39,64,34,70,70,70,32,52,49,39,71,71,71,32,34,61,52,72,72,72,32,52,39,34,73,73,73]
}