{
    "normals":[0.0346232,6.93228e-08,0.9994,0.106098,6.96072e-08,0.994356,0.184774,5.09798e-08,0.982781,0.277345,3.24914e-08,0.96077,0.393943,3.31407e-08,0.919135,0.549717,2.89531e-08,0.835351,0.757283,2.57311e-08,0.653086,0.962962,1.12365e-08,0.269638,0.962962,-1.23602e-08,-0.269638,0.757283,-2.94069e-08,-0.653086,0.549717,-2.89531e-08,-0.835351,0.393943,-1.42032e-08,-0.919135,0.277345,0,-0.96077,0.184774,-3.64141e-08,-0.982781,0.106098,-6.96072e-08,-0.994356,0.034623,-6.93227e-08,-0.9994,-0.0346232,-6.97329e-08,-0.9994,-0.106098,-6.96072e-08,-0.994356,-0.184774,-6.91869e-08,-0.982781,-0.277345,-3.65528e-08,-0.96077,-0.393943,-1.42032e-08,-0.919135,-0.549718,-2.89532e-08,-0.83535,-0.757285,-2.9407e-08,-0.653085,-0.962963,-1.34838e-08,-0.269634,-0.962961,1.23602e-08,0.26964,-0.757282,2.5731e-08,0.653088,-0.549717,2.89531e-08,0.835351,-0.393942,3.31407e-08,0.919135,-0.277344,3.24913e-08,0.960771,-0.184773,5.09798e-08,0.982781,0,-1,0,0,-1,0,-0,-1,0,0,-1,-0,-0.106097,6.79094e-08,0.994356,-0.0346229,6.93233e-08,0.9994,0,1,0,0,1,0,0,1,-0,-0,1,0],
    "metadata":{
        "version":3,
        "normals":40,
        "vertices":64,
        "generator":"io_three",
        "type":"Geometry",
        "uvs":0,
        "faces":92
    },
    "uvs":[],
    "vertices":[-0.235351,-1.93203,0.967229,0.4258,-1.93203,0.944324,1.06154,-1.93203,0.87649,1.64745,-1.93203,0.766333,2.161,-1.93203,0.618088,2.58246,-1.93203,0.437449,2.89563,-1.93203,0.231361,3.08848,-1.93203,0.00774181,3.1536,-1.93203,-0.224814,3.08848,-1.93203,-0.45737,2.89563,-1.93203,-0.680989,2.58246,-1.93203,-0.887078,2.161,-1.93203,-1.06772,1.64745,-1.93203,-1.21596,1.06154,-1.93203,-1.32612,0.425799,-1.93203,-1.39395,-0.235352,-1.93203,-1.41686,-0.896503,-1.93203,-1.39395,-1.53225,-1.93203,-1.32612,-2.11815,-1.93203,-1.21596,-2.6317,-1.93203,-1.06772,-3.05316,-1.93203,-0.887077,-3.36633,-1.93203,-0.680989,-3.55918,-1.93203,-0.457369,-3.6243,-1.93203,-0.224813,-3.55918,-1.93203,0.007743,-3.36633,-1.93203,0.231362,-3.05316,-1.93203,0.437451,-2.6317,-1.93203,0.618089,-2.11815,-1.93203,0.766334,-1.53224,-1.93203,0.876491,-0.896497,-1.93203,0.944324,-0.235351,-0.216022,0.967229,0.4258,-0.216022,0.944324,1.06154,-0.216022,0.87649,1.64745,-0.216022,0.766333,2.161,-0.216022,0.618087,2.58246,-0.216022,0.437449,2.89563,-0.216022,0.231361,3.08848,-0.216022,0.00774173,3.1536,-0.216022,-0.224814,3.08848,-0.216022,-0.45737,2.89563,-0.216022,-0.680989,2.58246,-0.216022,-0.887078,2.161,-0.216022,-1.06772,1.64745,-0.216022,-1.21596,1.06154,-0.216022,-1.32612,0.425799,-0.216022,-1.39395,-0.235352,-0.216022,-1.41686,-0.896503,-0.216022,-1.39395,-1.53225,-0.216022,-1.32612,-2.11815,-0.216022,-1.21596,-2.6317,-0.216022,-1.06772,-3.05316,-0.216022,-0.887078,-3.36633,-0.216022,-0.680989,-3.55918,-0.216022,-0.45737,-3.6243,-0.216022,-0.224813,-3.55918,-0.216022,0.00774293,-3.36633,-0.216022,0.231362,-3.05316,-0.216022,0.437451,-2.6317,-0.216022,0.618089,-2.11815,-0.216022,0.766334,-1.53224,-0.216022,0.876491,-0.896497,-0.216022,0.944324],
    "faces":[33,32,0,1,33,0,0,0,0,33,33,1,2,34,1,1,1,1,33,34,2,3,35,2,2,2,2,33,35,3,4,36,3,3,3,3,33,36,4,5,37,4,4,4,4,33,37,5,6,38,5,5,5,5,33,38,6,7,39,6,6,6,6,33,39,7,8,40,7,7,7,7,33,40,8,9,41,8,8,8,8,33,41,9,10,42,9,9,9,9,33,42,10,11,43,10,10,10,10,33,43,11,12,44,11,11,11,11,33,44,12,13,45,12,12,12,12,33,45,13,14,46,13,13,13,13,33,46,14,15,47,14,14,14,14,33,47,15,16,48,15,15,15,15,33,48,16,17,49,16,16,16,16,33,49,17,18,50,17,17,17,17,33,50,18,19,51,18,18,18,18,33,51,19,20,52,19,19,19,19,33,52,20,21,53,20,20,20,20,33,53,21,22,54,21,21,21,21,33,54,22,23,55,22,22,22,22,33,55,23,24,56,23,23,23,23,33,56,24,25,57,24,24,24,24,33,57,25,26,58,25,25,25,25,33,58,26,27,59,26,26,26,26,33,59,27,28,60,27,27,27,27,33,60,28,29,61,28,28,28,28,33,61,29,30,62,29,29,29,29,32,2,1,0,30,30,30,32,0,31,30,31,31,31,32,30,29,28,30,30,30,32,28,27,26,31,31,31,32,26,25,24,30,30,30,32,24,23,22,31,31,31,32,22,21,20,31,31,31,32,20,19,18,30,30,30,32,18,17,16,30,30,30,32,16,15,14,31,31,31,32,14,13,12,31,31,31,32,12,11,10,30,30,30,32,10,9,8,30,30,30,32,8,7,6,30,30,30,32,6,5,4,31,31,31,32,4,3,2,30,30,30,32,2,0,30,30,30,30,32,30,28,26,31,31,31,32,26,24,22,30,30,30,32,22,20,18,30,30,30,32,18,16,14,32,32,32,32,14,12,10,31,31,31,32,10,8,6,33,33,33,32,6,4,2,30,30,30,32,2,30,26,30,30,30,32,26,22,18,30,30,30,32,18,14,10,32,32,32,32,10,6,2,30,30,30,32,2,26,18,30,30,30,32,18,10,2,33,33,33,33,62,30,31,63,34,34,34,34,33,0,32,63,31,35,35,35,35,32,62,63,32,36,36,36,32,32,33,34,37,37,37,32,34,35,36,36,36,36,32,36,37,38,36,36,36,32,38,39,40,37,37,37,32,40,41,42,37,37,37,32,42,43,44,37,37,37,32,44,45,46,36,36,36,32,46,47,48,36,36,36,32,48,49,50,37,37,37,32,50,51,52,37,37,37,32,52,53,54,37,37,37,32,54,55,56,37,37,37,32,56,57,58,36,36,36,32,58,59,60,36,36,36,32,60,61,62,37,37,37,32,62,32,34,37,37,37,32,34,36,38,37,37,37,32,38,40,42,38,38,38,32,42,44,46,37,37,37,32,46,48,50,39,39,39,32,50,52,54,37,37,37,32,54,56,58,37,37,37,32,58,60,62,37,37,37,32,62,34,38,37,37,37,32,38,42,46,37,37,37,32,46,50,54,37,37,37,32,54,58,62,37,37,37,32,62,38,46,38,38,38,32,46,54,62,37,37,37]
}