{
    "vertices":[-0.798882,-0.625851,0.347547,-0.603791,-0.625851,0.366761,-0.416198,-0.625851,0.423667,-0.243311,-0.625851,0.516077,-0.0917748,-0.625851,0.64044,0.0325881,-0.625851,0.791976,0.800009,-0.795095,1.26294,0.885522,-0.795095,1.54484,0.914396,-0.795095,1.838,-0.588325,2.21035,1.838,0.885522,-0.795095,2.13117,0.800009,-0.795095,2.41307,0.0325881,-0.625851,1.90312,-0.0917748,-0.625851,2.05465,-0.243311,-0.625851,2.17902,-0.416198,-0.625851,2.27143,-0.603791,-0.625851,2.32833,-0.798882,-0.625851,2.34755,-0.993972,-0.625851,2.32833,-1.18157,-0.625851,2.27143,-1.35445,-0.625851,2.17902,-1.50599,-0.625851,2.05465,-1.63035,-0.625851,1.90312,-1.72276,-0.625851,1.73023,-1.77967,-0.625851,1.54264,-1.79888,-0.625851,1.34755,-1.77967,-0.625851,1.15246,-1.72276,-0.625851,0.964862,-1.63035,-0.625851,0.791975,-1.50599,-0.625851,0.640439,-1.35445,-0.625851,0.516076,-1.18156,-0.625851,0.423667,-0.99397,-0.625851,0.366761],
    "metadata":{
        "version":3,
        "generator":"io_three",
        "faces":62,
        "type":"Geometry",
        "vertices":33,
        "uvs":0,
        "normals":48
    },
    "uvs":[],
    "faces":[32,0,9,1,0,0,0,32,1,9,2,1,1,1,32,2,9,3,2,2,2,32,3,9,4,3,3,3,32,4,9,5,4,4,4,32,5,9,6,5,5,5,32,6,9,7,6,6,6,32,7,9,8,7,7,7,32,8,9,10,8,8,8,32,10,9,11,9,9,9,32,11,9,12,10,10,10,32,12,9,13,11,11,11,32,13,9,14,12,12,12,32,14,9,15,13,13,13,32,15,9,16,14,14,14,32,16,9,17,15,15,15,32,17,9,18,16,16,16,32,18,9,19,17,17,17,32,19,9,20,18,18,18,32,20,9,21,19,19,19,32,21,9,22,20,20,20,32,22,9,23,21,21,21,32,23,9,24,22,22,22,32,24,9,25,23,23,23,32,25,9,26,24,24,24,32,26,9,27,25,25,25,32,27,9,28,26,26,26,32,28,9,29,27,27,27,32,29,9,30,28,28,28,32,30,9,31,29,29,29,32,31,9,32,30,30,30,32,32,9,0,31,31,31,32,32,0,1,32,32,32,32,1,2,3,33,33,33,32,3,4,5,34,34,34,32,5,6,7,35,35,35,32,7,8,10,36,36,36,32,10,11,12,37,37,37,32,12,13,14,38,38,38,32,14,15,16,33,33,33,32,16,17,18,33,33,33,32,18,19,20,33,33,33,32,20,21,22,39,39,39,32,22,23,24,33,33,33,32,24,25,26,33,33,33,32,26,27,28,34,34,34,32,28,29,30,33,33,33,32,30,31,32,34,34,34,32,32,1,3,33,33,33,32,5,7,10,40,40,40,32,32,3,5,33,33,33,32,28,30,32,33,33,33,32,24,26,28,33,33,33,32,20,22,24,41,41,41,32,16,18,20,33,33,33,32,12,14,16,42,42,42,32,5,10,12,43,43,43,32,28,32,5,44,44,44,32,20,24,28,45,45,45,32,12,16,20,46,46,46,32,28,5,12,36,36,36,32,12,20,28,47,47,47],
    "normals":[0.0871159,0.458345,-0.884495,0.260176,0.443493,-0.857684,0.426888,0.424173,-0.798651,0.581212,0.400791,-0.708209,0.716928,0.37395,-0.588367,0.542393,0.392665,-0.742714,0.856737,0.445488,-0.259888,0.890977,0.445488,-0.0877539,0.890977,0.445488,0.0877529,0.856737,0.445488,0.259889,-0.566372,-0.105226,0.817405,0.760276,0.180768,0.623942,0.625409,0.167707,0.762062,0.465228,0.161245,0.870381,0.286464,0.161699,0.944347,0.0966058,0.169048,0.980862,-0.0963625,0.18293,0.978392,-0.284262,0.202662,0.937082,-0.459062,0.227268,0.858843,-0.613332,0.255534,0.747346,-0.740701,0.286091,0.607876,-0.836285,0.317516,0.447003,-0.896972,0.348436,0.272092,-0.921501,0.377623,0.0907595,-0.91033,0.404055,-0.0896605,-0.865343,0.426936,-0.2625,-0.789483,0.445693,-0.421989,-0.686394,0.459939,-0.563311,-0.560147,0.469436,-0.682543,-0.415063,0.474052,-0.77653,-0.255644,0.473729,-0.84275,-0.086596,0.468471,-0.879225,-0,-1,0,0,-1,0,0,-1,0,-0.260731,-0.962166,0.0790916,0,-1,-0,-0.180254,-0.982099,-0.0546796,9.88717e-07,-1,1.20475e-06,-9.88711e-07,-1,1.20475e-06,-0.194631,-0.980876,7.91423e-08,3.68799e-07,-1,-1.52761e-07,1.52761e-07,-1,3.68799e-07,-0.194631,-0.980876,0,-0,-1,0,1.08019e-07,-1,2.14864e-08,-2.14863e-08,-1,1.08019e-07,-3.31146e-08,-1,4.95594e-08]
}