{
    "normals":[-0.0346227,1.06234e-07,0.9994,-0.106098,6.97575e-08,0.994356,-0.184773,6.80092e-08,0.982781,-0.277344,6.57396e-08,0.960771,-0.393942,6.4843e-08,0.919135,-0.549716,5.76795e-08,0.835352,-0.757282,3.66148e-08,0.653087,-0.962961,9.79345e-09,0.269641,-0.962962,-1.39907e-08,-0.269637,-0.757285,-4.57685e-08,-0.653085,-0.549718,-2.88398e-08,-0.83535,-0.393943,-6.48431e-08,-0.919135,-0.277345,-6.57397e-08,-0.96077,-0.184774,0,-0.982781,-0.106098,0,-0.994356,-0.0346231,0,-0.9994,0.0346229,0,-0.9994,0.106098,0,-0.994356,0.184774,-6.80093e-08,-0.982781,0.277345,-1.31479e-07,-0.96077,0.393943,-1.29686e-07,-0.919135,0.549718,-8.65195e-08,-0.83535,0.757283,-2.28843e-08,-0.653086,0.962962,-5.59627e-09,-0.269638,0.962962,1.39907e-08,0.269638,0.757283,4.57685e-08,0.653086,0.549717,5.76797e-08,0.835351,0.393943,6.48431e-08,0.919135,0.277345,7.07967e-08,0.96077,0.184774,6.80093e-08,0.982781,0.106098,7.18714e-08,0.994356,0.034623,1.05212e-07,0.9994,-0.962961,9.79345e-09,0.269641,0,1,0,0,1,0,0,1,-0,0,-1,0,-0,-1,0,0,-1,-0],
    "metadata":{
        "version":3,
        "normals":39,
        "vertices":66,
        "generator":"io_three",
        "type":"Geometry",
        "uvs":0,
        "faces":95
    },
    "uvs":[],
    "vertices":[0.0467636,1.7238,0.240888,0.30522,1.7238,0.21331,0.543416,1.7238,0.168527,0.752195,1.7238,0.108258,0.923537,1.7238,0.0348212,1.05085,1.7238,-0.0489626,1.12926,1.7238,-0.139873,1.15573,1.7238,-0.234417,1.12926,1.7238,-0.328961,1.05085,1.7238,-0.419872,0.923537,1.7238,-0.503656,0.752195,1.7238,-0.577093,0.543416,1.7238,-0.637361,0.30522,1.7238,-0.682145,0.0467633,1.7238,-0.709722,-0.222023,1.7238,-0.719034,-0.490809,1.7238,-0.709722,-0.749266,1.7238,-0.682145,-0.987461,1.7238,-0.637361,-1.19624,1.7238,-0.577093,-1.36758,1.7238,-0.503656,-1.4949,1.7238,-0.419872,-1.5733,1.7238,-0.328961,-1.59977,1.7238,-0.234417,-1.5733,1.7238,-0.139873,-1.4949,1.7238,-0.0489621,-1.36758,1.7238,0.0348217,-1.19624,1.7238,0.108259,-0.987459,1.7238,0.168527,-0.749264,1.7238,0.21331,-0.490807,1.7238,0.240888,-1.58654,1.7238,-0.187145,-0.222023,1.7238,0.250199,0.0467636,2.14756,0.240888,0.30522,2.14756,0.21331,0.543416,2.14756,0.168527,0.752195,2.14756,0.108258,0.923537,2.14756,0.0348212,1.05085,2.14756,-0.0489627,1.12926,2.14756,-0.139873,1.15573,2.14756,-0.234417,1.12926,2.14756,-0.328961,1.05085,2.14756,-0.419872,0.923537,2.14756,-0.503656,0.752195,2.14756,-0.577093,0.543416,2.14756,-0.637362,0.30522,2.14756,-0.682145,0.0467633,2.14756,-0.709722,-0.222023,2.14756,-0.719034,-0.490809,2.14756,-0.709722,-0.749266,2.14756,-0.682145,-0.987461,2.14756,-0.637361,-1.19624,2.14756,-0.577093,-1.36758,2.14756,-0.503656,-1.4949,2.14756,-0.419872,-1.5733,2.14756,-0.328961,-1.59977,2.14756,-0.234417,-1.5733,2.14756,-0.139873,-1.4949,2.14756,-0.0489621,-1.36758,2.14756,0.0348217,-1.19624,2.14756,0.108259,-0.987459,2.14756,0.168527,-0.749264,2.14756,0.21331,-0.490807,2.14756,0.240888,-1.58654,2.14756,-0.187145,-0.222023,2.14756,0.250199],
    "faces":[33,63,30,32,65,0,0,0,0,33,62,29,30,63,1,1,1,1,33,61,28,29,62,2,2,2,2,33,60,27,28,61,3,3,3,3,33,59,26,27,60,4,4,4,4,33,58,25,26,59,5,5,5,5,33,57,24,25,58,6,6,6,6,33,64,31,24,57,7,7,7,7,33,55,22,23,56,8,8,8,8,33,54,21,22,55,9,9,9,9,33,53,20,21,54,10,10,10,10,33,52,19,20,53,11,11,11,11,33,51,18,19,52,12,12,12,12,33,50,17,18,51,13,13,13,13,33,49,16,17,50,14,14,14,14,33,48,15,16,49,15,15,15,15,33,47,14,15,48,16,16,16,16,33,46,13,14,47,17,17,17,17,33,45,12,13,46,18,18,18,18,33,44,11,12,45,19,19,19,19,33,43,10,11,44,20,20,20,20,33,42,9,10,43,21,21,21,21,33,41,8,9,42,22,22,22,22,33,40,7,8,41,23,23,23,23,33,39,6,7,40,24,24,24,24,33,38,5,6,39,25,25,25,25,33,37,4,5,38,26,26,26,26,33,36,3,4,37,27,27,27,27,33,35,2,3,36,28,28,28,28,33,34,1,2,35,29,29,29,29,33,33,0,1,34,30,30,30,30,33,0,33,65,32,31,31,31,31,33,56,23,31,64,32,32,32,32,32,55,56,64,33,33,33,32,64,57,58,33,33,33,32,58,59,60,33,33,33,32,60,61,62,33,33,33,32,62,63,65,33,33,33,32,65,33,34,33,33,33,32,34,35,36,33,33,33,32,36,37,38,33,33,33,32,38,39,40,33,33,33,32,40,41,42,33,33,33,32,42,43,44,33,33,33,32,44,45,46,33,33,33,32,46,47,48,34,34,34,32,48,49,50,33,33,33,32,50,51,52,33,33,33,32,52,53,54,33,33,33,32,54,55,64,33,33,33,32,64,58,60,33,33,33,32,60,62,65,33,33,33,32,65,34,36,34,34,34,32,36,38,40,33,33,33,32,40,42,44,33,33,33,32,44,46,48,33,33,33,32,48,50,52,33,33,33,32,52,54,64,33,33,33,32,64,60,65,33,33,33,32,65,36,40,33,33,33,32,40,44,48,33,33,33,32,48,52,64,33,33,33,32,64,65,40,33,33,33,32,64,40,48,35,35,35,32,32,30,29,36,36,36,32,29,28,27,36,36,36,32,27,26,25,36,36,36,32,25,24,31,36,36,36,32,31,23,22,36,36,36,32,22,21,20,36,36,36,32,20,19,18,36,36,36,32,18,17,16,36,36,36,32,16,15,14,37,37,37,32,14,13,12,36,36,36,32,12,11,10,36,36,36,32,10,9,8,36,36,36,32,8,7,6,38,38,38,32,6,5,4,36,36,36,32,4,3,2,36,36,36,32,2,1,0,36,36,36,32,0,32,29,36,36,36,32,29,27,25,36,36,36,32,25,31,22,36,36,36,32,22,20,18,36,36,36,32,18,16,14,36,36,36,32,14,12,10,36,36,36,32,10,8,6,38,38,38,32,6,4,2,36,36,36,32,2,0,29,36,36,36,32,29,25,22,36,36,36,32,22,18,14,36,36,36,32,14,10,6,36,36,36,32,6,2,29,36,36,36,32,29,22,14,36,36,36,32,29,14,6,37,37,37]
}