{
    "normals":[-0.981571,-0.191098,0,0,-0.191098,-0.981571,0.981571,-0.191098,0,0,-0.191098,0.981571,0,1,-0,0,-1,0],
    "metadata":{
        "version":3,
        "normals":6,
        "vertices":8,
        "generator":"io_three",
        "type":"Geometry",
        "uvs":0,
        "faces":6
    },
    "uvs":[],
    "vertices":[-0.641162,4.54468,2.21902,-0.641162,4.54468,0.21902,1.35884,4.54468,2.21902,1.35884,4.54468,0.21902,-0.441057,3.51684,2.01891,-0.441057,3.51684,0.419125,1.15873,3.51684,0.419125,1.15873,3.51684,2.01891],
    "faces":[33,4,0,1,5,0,0,0,0,33,5,1,3,6,1,1,1,1,33,6,3,2,7,2,2,2,2,33,0,4,7,2,3,3,3,3,33,0,2,3,1,4,4,4,4,33,7,4,5,6,5,5,5,5]
}