{
    "normals":[0,-1,0,0,-0.191098,0.981571,0.981571,-0.191098,0,0,-0.191098,-0.981571,-0.981571,-0.191098,0,-0,1,0],
    "metadata":{
        "version":3,
        "normals":6,
        "vertices":8,
        "generator":"io_three",
        "type":"Geometry",
        "uvs":0,
        "faces":6
    },
    "uvs":[],
    "vertices":[-0.0485712,2.27883,2.29327,-0.0485712,2.27883,1.11454,1.13016,2.27883,2.29327,1.13016,2.27883,1.11454,-0.259102,3.36022,2.5038,-0.259102,3.36022,0.904013,1.34069,3.36022,0.904013,1.34069,3.36022,2.5038],
    "faces":[33,2,0,1,3,0,0,0,0,33,4,0,2,7,1,1,1,1,33,3,6,7,2,2,2,2,2,33,1,5,6,3,3,3,3,3,33,0,4,5,1,4,4,4,4,33,7,6,5,4,5,5,5,5]
}